Round,Global Loss,Global Accuracy,1A_Loss,1A_Accuracy,1C_Loss,1C_Accuracy,1D_Loss,1D_Accuracy,1E_Loss,1E_Accuracy,1F_Loss,1F_Accuracy,2A_Loss,2A_Accuracy,2C_Loss,2C_Accuracy,2D_Loss,2D_Accuracy,2E_Loss,2E_Accuracy,2F_Loss,2F_Accuracy,3A_Loss,3A_Accuracy,3C_Loss,3C_Accuracy,3D_Loss,3D_Accuracy,3E_Loss,3E_Accuracy,3F_Loss,3F_Accuracy,4A_Loss,4A_Accuracy,4C_Loss,4C_Accuracy,4D_Loss,4D_Accuracy,4E_Loss,4E_Accuracy,4F_Loss,4F_Accuracy,5A_Loss,5A_Accuracy,5C_Loss,5C_Accuracy,5D_Loss,5D_Accuracy,5E_Loss,5E_Accuracy,5F_Loss,5F_Accuracy
1,1.8081860542297363,0.5641025900840759,1.6825532913208008,0.8571428656578064,1.4860795736312866,0.7857142686843872,1.583531379699707,0.761904776096344,1.4777246713638306,0.8095238208770752,1.5008509159088135,0.7857142686843872,1.6973271369934082,0.8409090638160706,1.500471830368042,0.8409090638160706,1.5672364234924316,0.7727272510528564,1.4981093406677246,0.8409090638160706,1.6613754034042358,0.75,1.7191003561019897,0.6800000071525574,1.5341376066207886,0.7599999904632568,1.420170783996582,0.7799999713897705,1.4897531270980835,0.7200000286102295,1.5699771642684937,0.7400000095367432,1.7277382612228394,0.5283018946647644,1.952376127243042,0.5094339847564697,1.8002139329910278,0.5471698045730591,1.65227210521698,0.6037735939025879,1.8642281293869019,0.5094339847564697,1.6597641706466675,0.7179487347602844,1.8131933212280273,0.6153846383094788,1.6352016925811768,0.7435897588729858,1.649678349494934,0.7948718070983887,1.8081860542297363,0.5641025900840759
2,1.6527975797653198,0.7435897588729858,1.605246901512146,0.8809523582458496,1.356898546218872,0.8809523582458496,1.4485994577407837,0.8571428656578064,1.325497031211853,0.9047619104385376,1.3796075582504272,0.9285714030265808,1.6185035705566406,0.8863636255264282,1.3947991132736206,0.8863636255264282,1.4562840461730957,0.9090909361839294,1.3960888385772705,0.8863636255264282,1.539095401763916,0.8636363744735718,1.5615273714065552,0.8600000143051147,1.3877559900283813,0.9200000166893005,1.2926130294799805,0.9200000166893005,1.361039400100708,0.8799999952316284,1.4123256206512451,0.8799999952316284,1.5497573614120483,0.7547169923782349,1.8459659814834595,0.6226415038108826,1.6898887157440186,0.7169811129570007,1.5259374380111694,0.7735849022865295,1.7294961214065552,0.6603773832321167,1.49923574924469,0.7948718070983887,1.6613147258758545,0.7948718070983887,1.528364658355713,0.8461538553237915,1.5479660034179688,0.8717948794364929,1.6527975797653198,0.7435897588729858
3,1.5565396547317505,0.8205128312110901,1.5523920059204102,0.8809523582458496,1.27937912940979,0.9523809552192688,1.3694556951522827,0.9285714030265808,1.2420766353607178,0.9285714030265808,1.3096976280212402,0.9285714030265808,1.5687365531921387,0.8409090638160706,1.3319145441055298,0.9318181872367859,1.3842086791992188,0.9090909361839294,1.3263667821884155,0.9545454382896423,1.4605541229248047,0.9090909361839294,1.4722894430160522,0.8999999761581421,1.3028875589370728,0.9399999976158142,1.2200387716293335,0.9399999976158142,1.282192349433899,0.8999999761581421,1.3178601264953613,0.9599999785423279,1.4523115158081055,0.7924528121948242,1.7950665950775146,0.6603773832321167,1.6465920209884644,0.7169811129570007,1.4688122272491455,0.7735849022865295,1.660653829574585,0.7358490824699402,1.4064797163009644,0.8461538553237915,1.5705041885375977,0.7948718070983887,1.463450312614441,0.8717948794364929,1.4865905046463013,0.8717948794364929,1.5565396547317505,0.8205128312110901
4,1.4894216060638428,0.8717948794364929,1.5192171335220337,0.8809523582458496,1.2292065620422363,0.9523809552192688,1.3191982507705688,0.9285714030265808,1.1907474994659424,0.9523809552192688,1.2673072814941406,0.9285714030265808,1.5424416065216064,0.8409090638160706,1.2950950860977173,0.9318181872367859,1.335639238357544,0.9318181872367859,1.2793924808502197,0.9545454382896423,1.4088478088378906,0.9090909361839294,1.4189324378967285,0.8999999761581421,1.2500938177108765,0.9599999785423279,1.1732937097549438,0.9399999976158142,1.229090929031372,0.9200000166893005,1.2571431398391724,0.9599999785423279,1.3870327472686768,0.849056601524353,1.767769455909729,0.698113203048706,1.6244597434997559,0.7547169923782349,1.4351911544799805,0.7924528121948242,1.6218938827514648,0.7547169923782349,1.3460333347320557,0.9230769276618958,1.5121545791625977,0.8461538553237915,1.421212077140808,0.8717948794364929,1.4467025995254517,0.8717948794364929,1.4894216060638428,0.8717948794364929
5,1.4370263814926147,0.8974359035491943,1.4967182874679565,0.8809523582458496,1.1976070404052734,0.9523809552192688,1.2841278314590454,0.9285714030265808,1.1531625986099243,0.976190447807312,1.2396275997161865,0.9285714030265808,1.5330332517623901,0.8181818127632141,1.2764081954956055,0.9090909361839294,1.302335262298584,0.9318181872367859,1.2493555545806885,0.9545454382896423,1.3735140562057495,0.9090909361839294,1.3839480876922607,0.8999999761581421,1.2161365747451782,0.9399999976158142,1.139893651008606,0.9399999976158142,1.188372254371643,0.9399999976158142,1.2146847248077393,0.9599999785423279,1.3367787599563599,0.8679245114326477,1.7489714622497559,0.7358490824699402,1.6068593263626099,0.7547169923782349,1.408928632736206,0.8113207817077637,1.5973039865493774,0.7735849022865295,1.30282461643219,0.9230769276618958,1.4686861038208008,0.8717948794364929,1.3893414735794067,0.8717948794364929,1.4180717468261719,0.8717948794364929,1.4370263814926147,0.8974359035491943
6,1.3997560739517212,0.8974359035491943,1.4747178554534912,0.8809523582458496,1.1796860694885254,0.9523809552192688,1.2610387802124023,0.9285714030265808,1.1300691366195679,0.976190447807312,1.2219926118850708,0.9285714030265808,1.5244892835617065,0.8181818127632141,1.268144130706787,0.9090909361839294,1.2779465913772583,0.9318181872367859,1.2297154664993286,0.9318181872367859,1.3473445177078247,0.9090909361839294,1.361998438835144,0.8999999761581421,1.1948866844177246,0.9399999976158142,1.1192289590835571,0.9599999785423279,1.1609991788864136,0.9599999785423279,1.1870249509811401,0.9599999785423279,1.3083711862564087,0.8679245114326477,1.7444709539413452,0.7358490824699402,1.6062835454940796,0.7735849022865295,1.399208903312683,0.8301886916160583,1.588222622871399,0.7924528121948242,1.277096152305603,0.9230769276618958,1.4373908042907715,0.8717948794364929,1.365439534187317,0.8717948794364929,1.3957895040512085,0.8717948794364929,1.3997560739517212,0.8974359035491943
7,1.3719130754470825,0.8974359035491943,1.4563703536987305,0.8809523582458496,1.1694341897964478,0.9523809552192688,1.245262861251831,0.9285714030265808,1.1140352487564087,0.976190447807312,1.2103664875030518,0.9285714030265808,1.522329330444336,0.8181818127632141,1.2668194770812988,0.9090909361839294,1.2598857879638672,0.9090909361839294,1.2174201011657715,0.9318181872367859,1.327879786491394,0.9090909361839294,1.3474682569503784,0.8999999761581421,1.181003212928772,0.9399999976158142,1.1049158573150635,0.9800000190734863,1.1416406631469727,0.9599999785423279,1.1669297218322754,0.9599999785423279,1.290079951286316,0.8679245114326477,1.7479289770126343,0.7358490824699402,1.6116069555282593,0.7735849022865295,1.3965309858322144,0.8301886916160583,1.589023470878601,0.7924528121948242,1.2619799375534058,0.8974359035491943,1.4155995845794678,0.8717948794364929,1.3477386236190796,0.8974359035491943,1.3796758651733398,0.8717948794364929,1.3719130754470825,0.8974359035491943
8,1.3523379564285278,0.8974359035491943,1.4399973154067993,0.8809523582458496,1.1637086868286133,0.9523809552192688,1.2334325313568115,0.9047619104385376,1.1032936573028564,0.976190447807312,1.2026405334472656,0.9285714030265808,1.517483115196228,0.8181818127632141,1.267568588256836,0.9090909361839294,1.2461358308792114,0.9090909361839294,1.2076958417892456,0.9318181872367859,1.313575267791748,0.9090909361839294,1.3359097242355347,0.8999999761581421,1.1717405319213867,0.9399999976158142,1.0953683853149414,0.9800000190734863,1.1289094686508179,0.9599999785423279,1.1523969173431396,0.9599999785423279,1.2806978225708008,0.8679245114326477,1.7542051076889038,0.7358490824699402,1.6170856952667236,0.7735849022865295,1.3975520133972168,0.8301886916160583,1.5949255228042603,0.7924528121948242,1.252962589263916,0.8974359035491943,1.39974045753479,0.8717948794364929,1.3338098526000977,0.8974359035491943,1.3674225807189941,0.8974359035491943,1.3523379564285278,0.8974359035491943
9,1.3347781896591187,0.8974359035491943,1.426084280014038,0.8809523582458496,1.1610887050628662,0.9523809552192688,1.2241483926773071,0.9047619104385376,1.0953218936920166,0.976190447807312,1.19735586643219,0.9285714030265808,1.5145525932312012,0.8181818127632141,1.2718058824539185,0.9090909361839294,1.2342963218688965,0.9090909361839294,1.201393485069275,0.9318181872367859,1.3022136688232422,0.9090909361839294,1.3265719413757324,0.8999999761581421,1.1657031774520874,0.9399999976158142,1.0885441303253174,0.9800000190734863,1.1196136474609375,0.9599999785423279,1.1409515142440796,0.9599999785423279,1.2749340534210205,0.8679245114326477,1.7565622329711914,0.7358490824699402,1.6170836687088013,0.7735849022865295,1.3968054056167603,0.8301886916160583,1.5983788967132568,0.7924528121948242,1.2472379207611084,0.8974359035491943,1.3851537704467773,0.8717948794364929,1.3212207555770874,0.8974359035491943,1.3552852869033813,0.8974359035491943,1.3347781896591187,0.8974359035491943
10,1.3222768306732178,0.8974359035491943,1.40756094455719,0.8809523582458496,1.1557661294937134,0.9523809552192688,1.214911937713623,0.9047619104385376,1.0903993844985962,0.976190447807312,1.1908880472183228,0.9285714030265808,1.4995940923690796,0.8181818127632141,1.2683194875717163,0.9090909361839294,1.2226208448410034,0.9090909361839294,1.1917177438735962,0.9318181872367859,1.2922335863113403,0.9090909361839294,1.3121219873428345,0.8999999761581421,1.1593183279037476,0.9399999976158142,1.0835233926773071,1.0,1.1130728721618652,0.9599999785423279,1.131226658821106,0.9599999785423279,1.2811630964279175,0.8679245114326477,1.76844322681427,0.7358490824699402,1.6289962530136108,0.7735849022865295,1.4066206216812134,0.8301886916160583,1.6108829975128174,0.7924528121948242,1.239795207977295,0.8974359035491943,1.374123454093933,0.8717948794364929,1.3106615543365479,0.8974359035491943,1.3456140756607056,0.8974359035491943,1.3222768306732178,0.8974359035491943
11,1.3097467422485352,0.8974359035491943,1.3934102058410645,0.8809523582458496,1.1535634994506836,0.9523809552192688,1.2080544233322144,0.9047619104385376,1.0861115455627441,0.976190447807312,1.1860718727111816,0.9285714030265808,1.491716742515564,0.8181818127632141,1.2693400382995605,0.9090909361839294,1.2134807109832764,0.9090909361839294,1.1859358549118042,0.9318181872367859,1.2827602624893188,0.9090909361839294,1.3026587963104248,0.8999999761581421,1.1545215845108032,0.9399999976158142,1.0785092115402222,0.9800000190734863,1.107454538345337,0.9599999785423279,1.1228911876678467,0.9599999785423279,1.2816450595855713,0.8679245114326477,1.7699060440063477,0.7358490824699402,1.6322565078735352,0.7735849022865295,1.4080911874771118,0.8301886916160583,1.6139167547225952,0.7924528121948242,1.2350703477859497,0.8974359035491943,1.3614000082015991,0.8717948794364929,1.299640417098999,0.8974359035491943,1.3350286483764648,0.8974359035491943,1.3097467422485352,0.8974359035491943
12,1.2991280555725098,0.8974359035491943,1.3800146579742432,0.8809523582458496,1.1504590511322021,0.9523809552192688,1.2024787664413452,0.9047619104385376,1.082322597503662,0.976190447807312,1.1808706521987915,0.9285714030265808,1.4831821918487549,0.8181818127632141,1.2696055173873901,0.9090909361839294,1.2047433853149414,0.9090909361839294,1.1795499324798584,0.9318181872367859,1.2734284400939941,0.9090909361839294,1.2941163778305054,0.8999999761581421,1.1497564315795898,0.9399999976158142,1.0728654861450195,0.9800000190734863,1.1024844646453857,0.9599999785423279,1.1152005195617676,0.9599999785423279,1.2821487188339233,0.8679245114326477,1.7706960439682007,0.7358490824699402,1.6364020109176636,0.7735849022865295,1.4104286432266235,0.8301886916160583,1.6165472269058228,0.7924528121948242,1.2317088842391968,0.8974359035491943,1.350306749343872,0.8717948794364929,1.2906060218811035,0.8974359035491943,1.3254849910736084,0.8974359035491943,1.2991280555725098,0.8974359035491943
13,1.2882572412490845,0.8974359035491943,1.365591287612915,0.8809523582458496,1.146645426750183,0.9523809552192688,1.195232629776001,0.9047619104385376,1.0800057649612427,0.976190447807312,1.1753545999526978,0.9285714030265808,1.4718128442764282,0.8181818127632141,1.2683708667755127,0.9090909361839294,1.1959987878799438,0.9090909361839294,1.172843337059021,0.9318181872367859,1.2639387845993042,0.9090909361839294,1.2851417064666748,0.8999999761581421,1.1450785398483276,0.9399999976158142,1.0692769289016724,0.9800000190734863,1.0986360311508179,0.9599999785423279,1.1079277992248535,0.9599999785423279,1.2840518951416016,0.8679245114326477,1.7720199823379517,0.7358490824699402,1.6395436525344849,0.7735849022865295,1.4152469635009766,0.8301886916160583,1.6172153949737549,0.7924528121948242,1.227047085762024,0.8974359035491943,1.3394489288330078,0.8717948794364929,1.28134286403656,0.8974359035491943,1.3158551454544067,0.8974359035491943,1.2882572412490845,0.8974359035491943
14,1.2758420705795288,0.8974359035491943,1.3543541431427002,0.8809523582458496,1.1463637351989746,0.9523809552192688,1.1885985136032104,0.9047619104385376,1.0782270431518555,0.976190447807312,1.1723458766937256,0.9285714030265808,1.4664677381515503,0.8181818127632141,1.2737083435058594,0.9090909361839294,1.1877319812774658,0.9090909361839294,1.1697412729263306,0.9318181872367859,1.2550753355026245,0.9090909361839294,1.279632806777954,0.8999999761581421,1.142624020576477,0.9399999976158142,1.066841959953308,0.9800000190734863,1.0951564311981201,0.9599999785423279,1.102012276649475,0.9599999785423279,1.2795155048370361,0.8679245114326477,1.76116943359375,0.7358490824699402,1.6322804689407349,0.7735849022865295,1.41162109375,0.8301886916160583,1.6071664094924927,0.7924528121948242,1.22410249710083,0.8974359035491943,1.3256272077560425,0.8717948794364929,1.2705682516098022,0.8974359035491943,1.3056730031967163,0.8974359035491943,1.2758420705795288,0.8974359035491943
15,1.2673004865646362,0.8974359035491943,1.3414232730865479,0.8809523582458496,1.1438120603561401,0.9523809552192688,1.1833453178405762,0.9047619104385376,1.0762414932250977,0.976190447807312,1.1673543453216553,0.9285714030265808,1.4586235284805298,0.8181818127632141,1.2730313539505005,0.9090909361839294,1.180129885673523,0.9090909361839294,1.1632781028747559,0.9318181872367859,1.247880220413208,0.9090909361839294,1.2720575332641602,0.8999999761581421,1.1383004188537598,0.9399999976158142,1.0627180337905884,0.9800000190734863,1.091161847114563,0.9599999785423279,1.0962014198303223,0.9599999785423279,1.278307318687439,0.8679245114326477,1.7568166255950928,0.7358490824699402,1.6325557231903076,0.7735849022865295,1.412356972694397,0.8301886916160583,1.6053105592727661,0.7924528121948242,1.2211071252822876,0.8974359035491943,1.3162566423416138,0.8717948794364929,1.2631675004959106,0.8974359035491943,1.2971338033676147,0.8974359035491943,1.2673004865646362,0.8974359035491943
16,1.2592568397521973,0.8974359035491943,1.3282853364944458,0.8809523582458496,1.1412596702575684,0.9523809552192688,1.178609848022461,0.9047619104385376,1.0736753940582275,0.976190447807312,1.1624131202697754,0.9285714030265808,1.4483346939086914,0.8181818127632141,1.27092707157135,0.9090909361839294,1.17292058467865,0.9090909361839294,1.1564065217971802,0.9318181872367859,1.241142749786377,0.9090909361839294,1.2639591693878174,0.8999999761581421,1.134487509727478,0.9399999976158142,1.058716893196106,0.9800000190734863,1.0874096155166626,0.9599999785423279,1.0902714729309082,0.9599999785423279,1.27792489528656,0.8679245114326477,1.7549432516098022,0.7358490824699402,1.634684681892395,0.7735849022865295,1.4125699996948242,0.8301886916160583,1.6061985492706299,0.7924528121948242,1.217427134513855,0.8974359035491943,1.3070207834243774,0.8717948794364929,1.2572154998779297,0.8974359035491943,1.2887599468231201,0.8974359035491943,1.2592568397521973,0.8974359035491943
17,1.2483184337615967,0.8974359035491943,1.3159536123275757,0.8809523582458496,1.1403135061264038,0.9523809552192688,1.1734052896499634,0.9047619104385376,1.072454810142517,0.976190447807312,1.1587551832199097,0.9285714030265808,1.4395610094070435,0.8181818127632141,1.2724289894104004,0.9090909361839294,1.1652894020080566,0.9090909361839294,1.1522104740142822,0.9318181872367859,1.2326809167861938,0.9090909361839294,1.2573504447937012,0.8999999761581421,1.13132905960083,0.9399999976158142,1.0564931631088257,0.9800000190734863,1.0851733684539795,0.9599999785423279,1.0849604606628418,0.9599999785423279,1.2760292291641235,0.8679245114326477,1.7459793090820312,0.7358490824699402,1.6314280033111572,0.7735849022865295,1.4108166694641113,0.8301886916160583,1.6013591289520264,0.7924528121948242,1.214439034461975,0.8974359035491943,1.2939788103103638,0.8717948794364929,1.2492607831954956,0.8974359035491943,1.2796061038970947,0.8974359035491943,1.2483184337615967,0.8974359035491943
18,1.2399665117263794,0.8974359035491943,1.3037657737731934,0.8809523582458496,1.1389522552490234,0.9523809552192688,1.1695528030395508,0.9047619104385376,1.0704501867294312,0.976190447807312,1.154813528060913,0.9285714030265808,1.432267427444458,0.8181818127632141,1.2717448472976685,0.9090909361839294,1.1588495969772339,0.9090909361839294,1.1472363471984863,0.9318181872367859,1.2264426946640015,0.9090909361839294,1.250704288482666,0.8999999761581421,1.127581238746643,0.9399999976158142,1.0533686876296997,0.9800000190734863,1.0818978548049927,0.9599999785423279,1.080239176750183,0.9599999785423279,1.2727760076522827,0.8679245114326477,1.7382564544677734,0.7358490824699402,1.6280450820922852,0.7735849022865295,1.4075051546096802,0.8301886916160583,1.5969053506851196,0.7924528121948242,1.2119433879852295,0.8974359035491943,1.2842038869857788,0.8717948794364929,1.2433254718780518,0.8974359035491943,1.2724099159240723,0.8974359035491943,1.2399665117263794,0.8974359035491943
19,1.2305550575256348,0.8974359035491943,1.2920445203781128,0.8809523582458496,1.1385241746902466,0.9523809552192688,1.1657001972198486,0.9047619104385376,1.0690354108810425,0.976190447807312,1.1514990329742432,0.9285714030265808,1.4251322746276855,0.8181818127632141,1.272294521331787,0.9090909361839294,1.151877999305725,0.9090909361839294,1.1438896656036377,0.9318181872367859,1.219650387763977,0.9090909361839294,1.245008945465088,0.8999999761581421,1.1244893074035645,0.9399999976158142,1.0508227348327637,0.9800000190734863,1.0790526866912842,0.9599999785423279,1.0756393671035767,0.9599999785423279,1.2692434787750244,0.8679245114326477,1.7269740104675293,0.7358490824699402,1.6211838722229004,0.7735849022865295,1.4018323421478271,0.8301886916160583,1.5893867015838623,0.7924528121948242,1.209849238395691,0.8974359035491943,1.2734766006469727,0.8717948794364929,1.2364001274108887,0.8974359035491943,1.2637131214141846,0.8974359035491943,1.2305550575256348,0.8974359035491943
20,1.221848726272583,0.8974359035491943,1.2794420719146729,0.8809523582458496,1.1373587846755981,0.9523809552192688,1.162182092666626,0.9047619104385376,1.0679899454116821,0.976190447807312,1.1475118398666382,0.9285714030265808,1.4150707721710205,0.8181818127632141,1.2701109647750854,0.9090909361839294,1.1448988914489746,0.9090909361839294,1.138682246208191,0.9318181872367859,1.2122482061386108,0.9090909361839294,1.239009976387024,0.8999999761581421,1.12155282497406,0.9399999976158142,1.048291802406311,0.9800000190734863,1.0765937566757202,0.9599999785423279,1.070915699005127,0.9599999785423279,1.2676481008529663,0.8679245114326477,1.717857837677002,0.7358490824699402,1.6180802583694458,0.7735849022865295,1.3991479873657227,0.8301886916160583,1.58446204662323,0.7924528121948242,1.2065033912658691,0.8974359035491943,1.2616792917251587,0.8717948794364929,1.2300074100494385,0.8974359035491943,1.2557082176208496,0.8974359035491943,1.221848726272583,0.8974359035491943
21,1.2134747505187988,0.8974359035491943,1.2648528814315796,0.8809523582458496,1.134636640548706,0.9523809552192688,1.1580556631088257,0.9047619104385376,1.0665653944015503,0.976190447807312,1.1431108713150024,0.9523809552192688,1.4002827405929565,0.8181818127632141,1.2642618417739868,0.9090909361839294,1.138245701789856,0.9090909361839294,1.1323928833007812,0.9318181872367859,1.203924298286438,0.9090909361839294,1.2306761741638184,0.8999999761581421,1.1180342435836792,0.9399999976158142,1.0464353561401367,0.9800000190734863,1.0742846727371216,0.9599999785423279,1.0657665729522705,0.9599999785423279,1.2708786725997925,0.8679245114326477,1.7147334814071655,0.7358490824699402,1.6198524236679077,0.7735849022865295,1.4008756875991821,0.8301886916160583,1.5838521718978882,0.7924528121948242,1.2017701864242554,0.8974359035491943,1.251225233078003,0.8717948794364929,1.224475622177124,0.8974359035491943,1.248697280883789,0.8974359035491943,1.2134747505187988,0.8974359035491943
22,1.2058130502700806,0.8974359035491943,1.2528812885284424,0.8809523582458496,1.132920265197754,0.9523809552192688,1.154900312423706,0.9047619104385376,1.0651441812515259,0.976190447807312,1.1394190788269043,0.9523809552192688,1.3905173540115356,0.8181818127632141,1.2610499858856201,0.9090909361839294,1.1322041749954224,0.9090909361839294,1.1281867027282715,0.9318181872367859,1.1966638565063477,0.9090909361839294,1.225157380104065,0.8999999761581421,1.1145209074020386,0.9399999976158142,1.044003963470459,0.9800000190734863,1.0716274976730347,0.9599999785423279,1.061259150505066,0.9599999785423279,1.268825650215149,0.8679245114326477,1.705947995185852,0.7358490824699402,1.6169657707214355,0.7735849022865295,1.3971978425979614,0.8301886916160583,1.5792640447616577,0.7924528121948242,1.1987375020980835,0.8974359035491943,1.2406166791915894,0.8717948794364929,1.2192682027816772,0.8974359035491943,1.2412548065185547,0.8974359035491943,1.2058130502700806,0.8974359035491943
23,1.1987226009368896,0.8974359035491943,1.2409387826919556,0.8809523582458496,1.1306114196777344,0.9523809552192688,1.151885747909546,0.9047619104385376,1.0640417337417603,0.976190447807312,1.134865403175354,0.9523809552192688,1.3795380592346191,0.8181818127632141,1.2560871839523315,0.9090909361839294,1.1264090538024902,0.9090909361839294,1.1232709884643555,0.9318181872367859,1.1893584728240967,0.9090909361839294,1.2187293767929077,0.8999999761581421,1.111035943031311,0.9399999976158142,1.041946291923523,0.9800000190734863,1.0690109729766846,0.9599999785423279,1.056645154953003,0.9599999785423279,1.269703984260559,0.8679245114326477,1.6998357772827148,0.7358490824699402,1.6157703399658203,0.7735849022865295,1.3967127799987793,0.8301886916160583,1.5760935544967651,0.7924528121948242,1.1951934099197388,0.8974359035491943,1.2295207977294922,0.8717948794364929,1.2138968706130981,0.8974359035491943,1.2343343496322632,0.8974359035491943,1.1987226009368896,0.8974359035491943
24,1.191186785697937,0.8974359035491943,1.2283369302749634,0.8809523582458496,1.1274125576019287,0.9523809552192688,1.148672103881836,0.9047619104385376,1.062793254852295,0.976190447807312,1.1302576065063477,0.9523809552192688,1.3664307594299316,0.8181818127632141,1.2491966485977173,0.9090909361839294,1.1207021474838257,0.9090909361839294,1.1184312105178833,0.9318181872367859,1.180648922920227,0.9090909361839294,1.212079644203186,0.8999999761581421,1.1069250106811523,0.9399999976158142,1.040367841720581,0.9800000190734863,1.0672825574874878,0.9599999785423279,1.0521972179412842,0.9599999785423279,1.271862506866455,0.8679245114326477,1.6917822360992432,0.7358490824699402,1.6153770685195923,0.7735849022865295,1.3963282108306885,0.8301886916160583,1.5715718269348145,0.7924528121948242,1.1906018257141113,0.8974359035491943,1.2186737060546875,0.8717948794364929,1.2092071771621704,0.8974359035491943,1.2269539833068848,0.8974359035491943,1.191186785697937,0.8974359035491943
25,1.1826608180999756,0.8974359035491943,1.218326210975647,0.9047619104385376,1.126462697982788,0.9523809552192688,1.1456047296524048,0.9047619104385376,1.0626332759857178,0.976190447807312,1.126695990562439,0.9523809552192688,1.360498309135437,0.8181818127632141,1.2469167709350586,0.9090909361839294,1.1148604154586792,0.9090909361839294,1.1155694723129272,0.9318181872367859,1.1719207763671875,0.9090909361839294,1.2082303762435913,0.9200000166893005,1.1050184965133667,0.9399999976158142,1.0386664867401123,0.9800000190734863,1.065964937210083,0.9599999785423279,1.0476819276809692,0.9599999785423279,1.2707008123397827,0.8679245114326477,1.679679274559021,0.7358490824699402,1.6097025871276855,0.7735849022865295,1.3930000066757202,0.8301886916160583,1.5637972354888916,0.7924528121948242,1.1893503665924072,0.8974359035491943,1.2059926986694336,0.8717948794364929,1.2024059295654297,0.8974359035491943,1.2188338041305542,0.8974359035491943,1.1826608180999756,0.8974359035491943
26,1.1775203943252563,0.8974359035491943,1.2073020935058594,0.9047619104385376,1.1236635446548462,0.9523809552192688,1.1443707942962646,0.9047619104385376,1.0599275827407837,0.976190447807312,1.1227458715438843,0.9523809552192688,1.3501187562942505,0.8181818127632141,1.2407883405685425,0.9090909361839294,1.1103919744491577,0.9090909361839294,1.1111947298049927,0.9318181872367859,1.1653856039047241,0.9090909361839294,1.2025096416473389,0.9200000166893005,1.1011741161346436,0.9399999976158142,1.0362389087677002,0.9800000190734863,1.0632878541946411,0.9599999785423279,1.04390287399292,0.9599999785423279,1.2689790725708008,0.8679245114326477,1.674031138420105,0.7358490824699402,1.6095340251922607,0.7735849022865295,1.390496850013733,0.8301886916160583,1.5613785982131958,0.7924528121948242,1.1851094961166382,0.9230769276618958,1.197177767753601,0.8717948794364929,1.1998294591903687,0.8974359035491943,1.2123174667358398,0.8974359035491943,1.1775203943252563,0.8974359035491943
27,1.170934796333313,0.9230769276618958,1.1983219385147095,0.9047619104385376,1.1220848560333252,0.9523809552192688,1.1426687240600586,0.9047619104385376,1.058948278427124,0.976190447807312,1.1188364028930664,0.9523809552192688,1.3426612615585327,0.8181818127632141,1.2363859415054321,0.9090909361839294,1.1052168607711792,0.9090909361839294,1.1072876453399658,0.9318181872367859,1.1571522951126099,0.9090909361839294,1.1991441249847412,0.9200000166893005,1.0985307693481445,0.9399999976158142,1.0344383716583252,0.9800000190734863,1.0618993043899536,0.9599999785423279,1.039941668510437,0.9599999785423279,1.2666500806808472,0.8679245114326477,1.663918137550354,0.7358490824699402,1.6058111190795898,0.7735849022865295,1.387336015701294,0.8301886916160583,1.5542043447494507,0.7924528121948242,1.1818076372146606,0.9230769276618958,1.1856234073638916,0.8717948794364929,1.1953741312026978,0.8974359035491943,1.2045564651489258,0.8974359035491943,1.170934796333313,0.9230769276618958
28,1.1654045581817627,0.9230769276618958,1.1889437437057495,0.9047619104385376,1.1193552017211914,0.9523809552192688,1.1407997608184814,0.9047619104385376,1.0572454929351807,0.976190447807312,1.1149296760559082,0.9523809552192688,1.3345202207565308,0.8181818127632141,1.2305747270584106,0.9090909361839294,1.1005135774612427,0.9090909361839294,1.1034423112869263,0.9318181872367859,1.1490343809127808,0.9090909361839294,1.1942559480667114,0.9200000166893005,1.0952975749969482,0.9399999976158142,1.0327765941619873,0.9800000190734863,1.0600330829620361,0.9599999785423279,1.0360218286514282,0.9599999785423279,1.2675602436065674,0.8679245114326477,1.6598496437072754,0.7358490824699402,1.6064108610153198,0.7735849022865295,1.3864288330078125,0.8301886916160583,1.5528661012649536,0.7924528121948242,1.1788349151611328,0.9230769276618958,1.1754828691482544,0.8717948794364929,1.191954255104065,0.8974359035491943,1.1984763145446777,0.8974359035491943,1.1654045581817627,0.9230769276618958
29,1.1594138145446777,0.9230769276618958,1.1808074712753296,0.9285714030265808,1.1189110279083252,0.9523809552192688,1.1394023895263672,0.9047619104385376,1.0566542148590088,0.976190447807312,1.1123665571212769,0.9523809552192688,1.3289040327072144,0.8181818127632141,1.2285242080688477,0.9090909361839294,1.0960265398025513,0.9090909361839294,1.1009594202041626,0.9318181872367859,1.1404541730880737,0.9090909361839294,1.1920133829116821,0.9200000166893005,1.0933948755264282,0.9399999976158142,1.031104326248169,0.9800000190734863,1.0586110353469849,0.9599999785423279,1.0322471857070923,0.9599999785423279,1.2635005712509155,0.8679245114326477,1.6490726470947266,0.7358490824699402,1.60158371925354,0.7735849022865295,1.381816029548645,0.8301886916160583,1.5449061393737793,0.7924528121948242,1.177076816558838,0.9230769276618958,1.163938283920288,0.8717948794364929,1.186568260192871,0.8974359035491943,1.190805196762085,0.8974359035491943,1.1594138145446777,0.9230769276618958
30,1.155041217803955,0.9230769276618958,1.1724952459335327,0.9285714030265808,1.1167161464691162,0.9523809552192688,1.138680100440979,0.9047619104385376,1.0546362400054932,0.976190447807312,1.109634518623352,0.9523809552192688,1.3218804597854614,0.8181818127632141,1.223495602607727,0.9090909361839294,1.0920398235321045,0.9090909361839294,1.0981794595718384,0.9318181872367859,1.132737636566162,0.9318181872367859,1.1881630420684814,0.9200000166893005,1.0908583402633667,0.9599999785423279,1.029289960861206,0.9800000190734863,1.056739330291748,0.9599999785423279,1.0289182662963867,0.9800000190734863,1.2634202241897583,0.8679245114326477,1.6431503295898438,0.7358490824699402,1.6005444526672363,0.7735849022865295,1.3796495199203491,0.8301886916160583,1.541612148284912,0.7924528121948242,1.1748592853546143,0.9230769276618958,1.1550997495651245,0.8717948794364929,1.1836433410644531,0.8974359035491943,1.1844255924224854,0.8974359035491943,1.155041217803955,0.9230769276618958
31,1.1492342948913574,0.9230769276618958,1.1645898818969727,0.9285714030265808,1.114982008934021,0.9523809552192688,1.1371221542358398,0.9047619104385376,1.0536447763442993,0.976190447807312,1.107094168663025,0.9523809552192688,1.3146523237228394,0.8181818127632141,1.2193150520324707,0.9090909361839294,1.0880963802337646,0.9090909361839294,1.095922589302063,0.9318181872367859,1.1238300800323486,0.9318181872367859,1.1864962577819824,0.9599999785423279,1.0884610414505005,0.9599999785423279,1.0278675556182861,0.9800000190734863,1.055543065071106,0.9599999785423279,1.0252033472061157,0.9800000190734863,1.2623279094696045,0.8679245114326477,1.6329715251922607,0.7358490824699402,1.5971580743789673,0.7735849022865295,1.373908281326294,0.8301886916160583,1.5343677997589111,0.7924528121948242,1.1722466945648193,0.9230769276618958,1.1446454524993896,0.8717948794364929,1.1794899702072144,0.8974359035491943,1.1768523454666138,0.8974359035491943,1.1492342948913574,0.9230769276618958
32,1.1436599493026733,0.9230769276618958,1.1590120792388916,0.9285714030265808,1.1147912740707397,0.9523809552192688,1.13511061668396,0.9047619104385376,1.0526306629180908,0.976190447807312,1.1052080392837524,0.9523809552192688,1.3096380233764648,0.8181818127632141,1.2163052558898926,0.9090909361839294,1.083844542503357,0.9090909361839294,1.0933120250701904,0.9318181872367859,1.1154872179031372,0.9318181872367859,1.1849713325500488,0.9599999785423279,1.0873322486877441,0.9599999785423279,1.026628851890564,0.9800000190734863,1.0547882318496704,0.9599999785423279,1.0221601724624634,0.9800000190734863,1.2594478130340576,0.8679245114326477,1.6225531101226807,0.7358490824699402,1.5933599472045898,0.7735849022865295,1.3699543476104736,0.8301886916160583,1.5255968570709229,0.7924528121948242,1.1714198589324951,0.9230769276618958,1.1349568367004395,0.8717948794364929,1.174432635307312,0.8974359035491943,1.1703654527664185,0.8974359035491943,1.1436599493026733,0.9230769276618958
33,1.1391432285308838,0.9230769276618958,1.1523488759994507,0.9285714030265808,1.1137197017669678,0.9523809552192688,1.1338868141174316,0.9047619104385376,1.0512956380844116,0.976190447807312,1.1032476425170898,0.9523809552192688,1.303155779838562,0.8636363744735718,1.2136363983154297,0.9090909361839294,1.0800693035125732,0.9090909361839294,1.0905802249908447,0.9318181872367859,1.1073416471481323,0.9318181872367859,1.1838477849960327,0.9599999785423279,1.0860168933868408,0.9599999785423279,1.025050163269043,0.9800000190734863,1.0541399717330933,0.9599999785423279,1.0188277959823608,0.9800000190734863,1.25696861743927,0.8867924809455872,1.6132009029388428,0.7358490824699402,1.5896509885787964,0.7735849022865295,1.3651361465454102,0.8301886916160583,1.518744707107544,0.7924528121948242,1.1692804098129272,0.9487179517745972,1.1248120069503784,0.8717948794364929,1.1706398725509644,0.8974359035491943,1.16352379322052,0.8974359035491943,1.1391432285308838,0.9230769276618958
34,1.137312412261963,0.9230769276618958,1.1456810235977173,0.9285714030265808,1.1103721857070923,0.9523809552192688,1.1351290941238403,0.9047619104385376,1.0478867292404175,0.976190447807312,1.0999232530593872,0.9523809552192688,1.2933553457260132,0.8636363744735718,1.2057639360427856,0.9090909361839294,1.0789740085601807,0.9090909361839294,1.0884836912155151,0.9318181872367859,1.1019028425216675,0.9318181872367859,1.1792198419570923,0.9599999785423279,1.0819391012191772,0.9599999785423279,1.0234477519989014,0.9800000190734863,1.0524051189422607,0.9599999785423279,1.0162311792373657,0.9800000190734863,1.2552648782730103,0.8867924809455872,1.6060134172439575,0.7358490824699402,1.5886685848236084,0.7735849022865295,1.360060453414917,0.8301886916160583,1.514320969581604,0.7924528121948242,1.1648072004318237,0.9487179517745972,1.1186292171478271,0.8717948794364929,1.1707782745361328,0.8974359035491943,1.1581412553787231,0.8974359035491943,1.137312412261963,0.9230769276618958
35,1.131996750831604,0.9230769276618958,1.1406903266906738,0.9523809552192688,1.1106897592544556,0.9523809552192688,1.1347712278366089,0.9047619104385376,1.0477739572525024,0.976190447807312,1.0994974374771118,0.9523809552192688,1.2903504371643066,0.8636363744735718,1.2059823274612427,0.9318181872367859,1.0761525630950928,0.9318181872367859,1.08708918094635,0.9318181872367859,1.0934571027755737,0.9318181872367859,1.1806304454803467,0.9599999785423279,1.0824605226516724,0.9599999785423279,1.0216294527053833,0.9800000190734863,1.0522329807281494,0.9800000190734863,1.012751817703247,0.9800000190734863,1.252155065536499,0.8679245114326477,1.5918375253677368,0.7358490824699402,1.579003095626831,0.7735849022865295,1.353519320487976,0.8301886916160583,1.5042470693588257,0.7924528121948242,1.1651458740234375,0.9487179517745972,1.1078253984451294,0.8974359035491943,1.166479468345642,0.8974359035491943,1.1508798599243164,0.8974359035491943,1.131996750831604,0.9230769276618958
36,1.1286487579345703,0.9230769276618958,1.1356505155563354,0.976190447807312,1.1093093156814575,0.9523809552192688,1.1338852643966675,0.9047619104385376,1.0458296537399292,0.976190447807312,1.0982731580734253,0.9523809552192688,1.2865893840789795,0.8863636255264282,1.2052228450775146,0.9318181872367859,1.073981523513794,0.9318181872367859,1.086730718612671,0.9318181872367859,1.0867860317230225,0.9318181872367859,1.1799157857894897,0.9599999785423279,1.0811251401901245,0.9399999976158142,1.0208852291107178,0.9800000190734863,1.0513302087783813,0.9800000190734863,1.0097018480300903,0.9800000190734863,1.248412847518921,0.8679245114326477,1.5805412530899048,0.7358490824699402,1.5735152959823608,0.7735849022865295,1.3456742763519287,0.8301886916160583,1.4963196516036987,0.7924528121948242,1.163325548171997,0.9487179517745972,1.0999246835708618,0.8974359035491943,1.1634844541549683,0.8974359035491943,1.1465667486190796,0.9230769276618958,1.1286487579345703,0.9230769276618958
37,1.1258853673934937,0.9230769276618958,1.1295557022094727,0.976190447807312,1.1070245504379272,0.9523809552192688,1.1341524124145508,0.9047619104385376,1.04345703125,0.976190447807312,1.0965306758880615,0.9523809552192688,1.2780929803848267,0.8863636255264282,1.1993645429611206,0.9318181872367859,1.0723414421081543,0.9318181872367859,1.0840176343917847,0.9318181872367859,1.080920696258545,0.9318181872367859,1.1758767366409302,0.9599999785423279,1.0782667398452759,0.9399999976158142,1.019271731376648,0.9800000190734863,1.050130009651184,0.9800000190734863,1.0071287155151367,0.9800000190734863,1.252024531364441,0.8679245114326477,1.5810468196868896,0.7358490824699402,1.57826566696167,0.7735849022865295,1.347334623336792,0.8301886916160583,1.497874140739441,0.7924528121948242,1.1608247756958008,0.9487179517745972,1.0940723419189453,0.8974359035491943,1.1635525226593018,0.8974359035491943,1.142785906791687,0.9230769276618958,1.1258853673934937,0.9230769276618958
38,1.1223430633544922,0.9230769276618958,1.1251357793807983,0.976190447807312,1.105482578277588,0.9523809552192688,1.1345529556274414,0.9047619104385376,1.0420079231262207,0.976190447807312,1.0951662063598633,0.9523809552192688,1.2710940837860107,0.8863636255264282,1.1946535110473633,0.9318181872367859,1.0711296796798706,0.9318181872367859,1.0827640295028687,0.9318181872367859,1.0746279954910278,0.9318181872367859,1.1750876903533936,0.9599999785423279,1.0774552822113037,0.9399999976158142,1.0180144309997559,0.9800000190734863,1.0492973327636719,0.9800000190734863,1.004417896270752,0.9800000190734863,1.2514094114303589,0.8679245114326477,1.573091745376587,0.7358490824699402,1.5764626264572144,0.7735849022865295,1.344723105430603,0.8301886916160583,1.491955041885376,0.7924528121948242,1.1580227613449097,0.9487179517745972,1.0865734815597534,0.8974359035491943,1.1626700162887573,0.9230769276618958,1.1373170614242554,0.9230769276618958,1.1223430633544922,0.9230769276618958
39,1.1193029880523682,0.9230769276618958,1.1207128763198853,0.976190447807312,1.103873372077942,0.9523809552192688,1.1352028846740723,0.9047619104385376,1.0404521226882935,0.976190447807312,1.0929696559906006,0.9523809552192688,1.2639427185058594,0.8863636255264282,1.1886523962020874,0.9318181872367859,1.069609522819519,0.9318181872367859,1.0808930397033691,0.9318181872367859,1.0694446563720703,0.9318181872367859,1.172512412071228,0.9599999785423279,1.0752121210098267,0.9399999976158142,1.0168565511703491,0.9800000190734863,1.0486159324645996,0.9800000190734863,1.002585530281067,0.9800000190734863,1.252461552619934,0.8679245114326477,1.5682380199432373,0.7547169923782349,1.576589584350586,0.7735849022865295,1.3431943655014038,0.8301886916160583,1.4892494678497314,0.7924528121948242,1.1553828716278076,0.9743589758872986,1.081228256225586,0.9487179517745972,1.161885142326355,0.9230769276618958,1.132469892501831,0.9230769276618958,1.1193029880523682,0.9230769276618958
40,1.1142932176589966,0.9230769276618958,1.119227409362793,0.9523809552192688,1.1042627096176147,0.9523809552192688,1.1333280801773071,0.9047619104385376,1.0401084423065186,0.976190447807312,1.0929641723632812,0.9523809552192688,1.2617779970169067,0.8863636255264282,1.1890467405319214,0.9318181872367859,1.0668050050735474,0.9318181872367859,1.079776644706726,0.9318181872367859,1.0623517036437988,0.9318181872367859,1.1762361526489258,0.9399999976158142,1.0776032209396362,0.9399999976158142,1.015489101409912,0.9800000190734863,1.048839807510376,0.9599999785423279,1.0001121759414673,0.9800000190734863,1.250085473060608,0.8679245114326477,1.5541976690292358,0.7547169923782349,1.5662697553634644,0.7735849022865295,1.3342523574829102,0.8301886916160583,1.4780045747756958,0.7924528121948242,1.1566897630691528,0.9743589758872986,1.0739874839782715,0.9743589758872986,1.1578994989395142,0.9230769276618958,1.1265921592712402,0.9230769276618958,1.1142932176589966,0.9230769276618958
41,1.1150423288345337,0.9230769276618958,1.1147493124008179,0.9523809552192688,1.103223204612732,0.9523809552192688,1.1377774477005005,0.9047619104385376,1.0364124774932861,0.976190447807312,1.0915433168411255,0.9523809552192688,1.2590752840042114,0.8863636255264282,1.1872749328613281,0.9318181872367859,1.0678845643997192,0.9318181872367859,1.0806702375411987,0.9318181872367859,1.0592106580734253,0.9318181872367859,1.1733492612838745,0.9399999976158142,1.0737417936325073,0.9399999976158142,1.0136401653289795,0.9800000190734863,1.047346830368042,0.9599999785423279,0.9984318614006042,0.9800000190734863,1.2439515590667725,0.8679245114326477,1.552813172340393,0.7547169923782349,1.567160725593567,0.7735849022865295,1.3277260065078735,0.8301886916160583,1.4765703678131104,0.7924528121948242,1.1535836458206177,0.9743589758872986,1.0695334672927856,0.9743589758872986,1.159894347190857,0.9230769276618958,1.1233892440795898,0.9230769276618958,1.1150423288345337,0.9230769276618958
42,1.1116949319839478,0.9230769276618958,1.1122328042984009,0.9523809552192688,1.1027944087982178,0.9523809552192688,1.1371012926101685,0.9047619104385376,1.0355192422866821,0.976190447807312,1.0906041860580444,0.9523809552192688,1.2545266151428223,0.8863636255264282,1.1836682558059692,0.9318181872367859,1.0657016038894653,0.9318181872367859,1.0794885158538818,0.9318181872367859,1.0544277429580688,0.9318181872367859,1.172736406326294,0.9399999976158142,1.0736943483352661,0.9399999976158142,1.0127485990524292,0.9800000190734863,1.0471745729446411,0.9599999785423279,0.9967607259750366,0.9800000190734863,1.2447359561920166,0.8679245114326477,1.5468263626098633,0.7547169923782349,1.565537691116333,0.7735849022865295,1.3252675533294678,0.8301886916160583,1.4708455801010132,0.7924528121948242,1.1525835990905762,0.9743589758872986,1.0641237497329712,0.9743589758872986,1.1588659286499023,0.9230769276618958,1.1190351247787476,0.9230769276618958,1.1116949319839478,0.9230769276618958
43,1.10826575756073,0.9487179517745972,1.1110292673110962,0.9523809552192688,1.1023606061935425,0.9523809552192688,1.1357253789901733,0.9047619104385376,1.0348055362701416,0.976190447807312,1.0894966125488281,0.9523809552192688,1.2516480684280396,0.8863636255264282,1.181897759437561,0.9318181872367859,1.064051628112793,0.9318181872367859,1.0781311988830566,0.9318181872367859,1.04936683177948,0.9772727489471436,1.173913836479187,0.9399999976158142,1.0747177600860596,0.9399999976158142,1.0120397806167603,0.9800000190734863,1.047249436378479,0.9399999976158142,0.9949032664299011,0.9800000190734863,1.2422358989715576,0.8679245114326477,1.5373828411102295,0.8113207817077637,1.560003638267517,0.7735849022865295,1.319048285484314,0.8301886916160583,1.461790680885315,0.7924528121948242,1.151664137840271,0.9743589758872986,1.058388590812683,1.0,1.1554018259048462,0.9230769276618958,1.1138476133346558,0.9230769276618958,1.10826575756073,0.9487179517745972
44,1.1087024211883545,0.9487179517745972,1.1071828603744507,0.9523809552192688,1.101364254951477,0.9523809552192688,1.1399354934692383,0.9047619104385376,1.0322861671447754,0.976190447807312,1.088614821434021,0.9523809552192688,1.2442951202392578,0.9090909361839294,1.1780962944030762,0.9318181872367859,1.0647679567337036,0.9318181872367859,1.078770637512207,0.9318181872367859,1.045992374420166,0.9772727489471436,1.172143816947937,0.9399999976158142,1.0723384618759155,0.9399999976158142,1.0112282037734985,0.9800000190734863,1.0457884073257446,0.9399999976158142,0.9937229752540588,0.9800000190734863,1.239176869392395,0.8679245114326477,1.5327496528625488,0.8113207817077637,1.56025230884552,0.7735849022865295,1.31295907497406,0.8301886916160583,1.4608186483383179,0.7924528121948242,1.148725152015686,0.9743589758872986,1.0548897981643677,1.0,1.1595462560653687,0.9230769276618958,1.1105704307556152,0.9230769276618958,1.1087024211883545,0.9487179517745972
45,1.1079741716384888,0.9487179517745972,1.1041531562805176,0.9523809552192688,1.1001466512680054,0.9523809552192688,1.1409058570861816,0.9047619104385376,1.030849814414978,0.976190447807312,1.0874608755111694,0.9523809552192688,1.241518497467041,0.9090909361839294,1.1769500970840454,0.9318181872367859,1.0643150806427002,0.9318181872367859,1.0795458555221558,0.9318181872367859,1.0421315431594849,0.9772727489471436,1.171555995941162,0.9399999976158142,1.072390079498291,0.9399999976158142,1.0103199481964111,0.9800000190734863,1.0451847314834595,0.9399999976158142,0.9919365048408508,0.9800000190734863,1.2351495027542114,0.8679245114326477,1.527955412864685,0.8113207817077637,1.5569555759429932,0.7735849022865295,1.3064852952957153,0.8301886916160583,1.458906650543213,0.7924528121948242,1.1479833126068115,0.9743589758872986,1.0508960485458374,1.0,1.1589038372039795,0.9230769276618958,1.107499599456787,0.9230769276618958,1.1079741716384888,0.9487179517745972
46,1.1048665046691895,0.9487179517745972,1.1035512685775757,0.9523809552192688,1.1009689569473267,0.9523809552192688,1.141784906387329,0.9047619104385376,1.030644416809082,0.976190447807312,1.0866713523864746,0.9523809552192688,1.2396020889282227,0.9090909361839294,1.1762772798538208,0.9318181872367859,1.0627474784851074,0.9318181872367859,1.0778475999832153,0.9318181872367859,1.0385863780975342,0.9772727489471436,1.1715466976165771,0.9399999976158142,1.0729789733886719,0.9399999976158142,1.0086541175842285,0.9800000190734863,1.0458322763442993,0.9399999976158142,0.9907665848731995,0.9800000190734863,1.2314468622207642,0.8679245114326477,1.5184717178344727,0.8113207817077637,1.550750494003296,0.7735849022865295,1.30247163772583,0.8301886916160583,1.4498248100280762,0.7924528121948242,1.148875117301941,0.9743589758872986,1.0467599630355835,1.0,1.1565372943878174,0.9230769276618958,1.103752851486206,0.9230769276618958,1.1048665046691895,0.9487179517745972
47,1.104022741317749,0.9487179517745972,1.1014328002929688,0.9523809552192688,1.1003656387329102,0.9523809552192688,1.1415468454360962,0.9047619104385376,1.028602957725525,0.976190447807312,1.0862687826156616,0.9523809552192688,1.237204670906067,0.9090909361839294,1.1757410764694214,0.9318181872367859,1.0622365474700928,0.9318181872367859,1.0799895524978638,0.9318181872367859,1.0349293947219849,0.9772727489471436,1.1717522144317627,0.9399999976158142,1.0735944509506226,0.9399999976158142,1.0086300373077393,0.9800000190734863,1.0447758436203003,0.9399999976158142,0.9894189238548279,0.9800000190734863,1.2277005910873413,0.8679245114326477,1.5113990306854248,0.8113207817077637,1.5497511625289917,0.7735849022865295,1.2944931983947754,0.8301886916160583,1.4439438581466675,0.7924528121948242,1.14681875705719,0.9743589758872986,1.0429168939590454,1.0,1.1562259197235107,0.9230769276618958,1.101336121559143,0.9230769276618958,1.104022741317749,0.9487179517745972
48,1.105460524559021,0.9487179517745972,1.0976874828338623,0.9523809552192688,1.0986244678497314,0.9523809552192688,1.1469577550888062,0.9047619104385376,1.0268412828445435,0.976190447807312,1.0846364498138428,0.9523809552192688,1.2300690412521362,0.9090909361839294,1.172393560409546,0.9318181872367859,1.0639464855194092,0.9318181872367859,1.0802620649337769,0.9318181872367859,1.0332683324813843,0.9772727489471436,1.1675403118133545,0.9399999976158142,1.0695507526397705,0.9399999976158142,1.0076409578323364,0.9800000190734863,1.0431514978408813,0.9399999976158142,0.9886553287506104,1.0,1.2259992361068726,0.8679245114326477,1.5108059644699097,0.8113207817077637,1.5528987646102905,0.7735849022865295,1.2926446199417114,0.8301886916160583,1.4464956521987915,0.7924528121948242,1.1429643630981445,0.9743589758872986,1.0412378311157227,1.0,1.161130428314209,0.9230769276618958,1.0999548435211182,0.9230769276618958,1.105460524559021,0.9487179517745972
49,1.1014738082885742,0.9487179517745972,1.0969659090042114,0.9523809552192688,1.0985157489776611,0.9523809552192688,1.1446622610092163,0.9047619104385376,1.0263690948486328,0.976190447807312,1.0837969779968262,0.9523809552192688,1.227837324142456,0.9090909361839294,1.1717097759246826,0.9318181872367859,1.0613312721252441,0.9318181872367859,1.0804693698883057,0.9318181872367859,1.0292836427688599,0.9772727489471436,1.1705175638198853,0.9399999976158142,1.0739060640335083,0.9399999976158142,1.0066916942596436,0.9800000190734863,1.0439187288284302,0.9399999976158142,0.9875534176826477,1.0,1.2260843515396118,0.8679245114326477,1.499515414237976,0.8113207817077637,1.5446664094924927,0.7735849022865295,1.2877005338668823,0.8301886916160583,1.4370728731155396,0.7924528121948242,1.1436853408813477,0.9743589758872986,1.0373260974884033,1.0,1.15753173828125,0.9230769276618958,1.0952273607254028,0.9230769276618958,1.1014738082885742,0.9487179517745972
50,1.0998711585998535,0.9487179517745972,1.0954240560531616,0.9523809552192688,1.0980615615844727,0.9523809552192688,1.1450259685516357,0.9047619104385376,1.0255608558654785,0.976190447807312,1.083648681640625,0.9523809552192688,1.2265070676803589,0.9090909361839294,1.1709855794906616,0.9318181872367859,1.0611320734024048,0.9318181872367859,1.081710934638977,0.9318181872367859,1.0263832807540894,0.9772727489471436,1.169580101966858,0.9399999976158142,1.0746797323226929,0.9399999976158142,1.0065807104110718,0.9800000190734863,1.0438522100448608,0.9399999976158142,0.9862897992134094,1.0,1.2252076864242554,0.8679245114326477,1.495254397392273,0.8113207817077637,1.542877435684204,0.7735849022865295,1.2829374074935913,0.8301886916160583,1.4346394538879395,0.7924528121948242,1.1426843404769897,0.9487179517745972,1.0344539880752563,1.0,1.1561521291732788,0.9230769276618958,1.0937931537628174,0.9230769276618958,1.0998711585998535,0.9487179517745972
51,1.097996473312378,0.9487179517745972,1.094731330871582,0.9523809552192688,1.0982142686843872,0.9523809552192688,1.1451622247695923,0.9047619104385376,1.0246282815933228,0.976190447807312,1.0839124917984009,0.9523809552192688,1.2225028276443481,0.9090909361839294,1.169948935508728,0.9318181872367859,1.0598206520080566,0.9318181872367859,1.080384373664856,0.9318181872367859,1.0237104892730713,0.9772727489471436,1.1697551012039185,0.9399999976158142,1.0755774974822998,0.9399999976158142,1.006036400794983,0.9800000190734863,1.0433778762817383,0.9399999976158142,0.985361635684967,1.0,1.2222753763198853,0.8679245114326477,1.49056077003479,0.8113207817077637,1.543199896812439,0.7735849022865295,1.2815364599227905,0.849056601524353,1.4294514656066895,0.7924528121948242,1.1423391103744507,0.9487179517745972,1.0321351289749146,1.0,1.154352068901062,0.9230769276618958,1.0917928218841553,0.9230769276618958,1.097996473312378,0.9487179517745972
52,1.0975682735443115,0.9487179517745972,1.0923658609390259,0.9523809552192688,1.0965598821640015,0.9523809552192688,1.1463987827301025,0.9047619104385376,1.0237106084823608,0.976190447807312,1.0826553106307983,0.9523809552192688,1.2178738117218018,0.9090909361839294,1.1663646697998047,0.9318181872367859,1.0590590238571167,0.9318181872367859,1.0803683996200562,0.9318181872367859,1.0216940641403198,0.9772727489471436,1.1674716472625732,0.9399999976158142,1.074092149734497,0.9399999976158142,1.0053848028182983,0.9800000190734863,1.0424708127975464,0.9399999976158142,0.9847855567932129,1.0,1.221359133720398,0.8679245114326477,1.4875121116638184,0.8113207817077637,1.5436441898345947,0.7735849022865295,1.2790889739990234,0.8301886916160583,1.4290406703948975,0.7924528121948242,1.139546513557434,0.9487179517745972,1.0304617881774902,1.0,1.1566641330718994,0.9230769276618958,1.0897436141967773,0.9230769276618958,1.0975682735443115,0.9487179517745972
53,1.0949698686599731,0.9487179517745972,1.091979742050171,0.9523809552192688,1.0972018241882324,0.9523809552192688,1.1456010341644287,0.9047619104385376,1.0230005979537964,0.976190447807312,1.0811147689819336,0.9523809552192688,1.2159537076950073,0.9090909361839294,1.1664299964904785,0.9318181872367859,1.0571006536483765,0.9318181872367859,1.0807665586471558,0.9318181872367859,1.0194159746170044,1.0,1.1685820817947388,0.9399999976158142,1.0761253833770752,0.9399999976158142,1.0045443773269653,0.9800000190734863,1.0429705381393433,0.9399999976158142,0.9841001629829407,1.0,1.2183364629745483,0.8679245114326477,1.4788129329681396,0.8113207817077637,1.536389946937561,0.7735849022865295,1.272762417793274,0.8301886916160583,1.4191499948501587,0.7924528121948242,1.1397762298583984,0.9487179517745972,1.0280334949493408,1.0,1.1551977396011353,0.9230769276618958,1.0871416330337524,0.9230769276618958,1.0949698686599731,0.9487179517745972
54,1.0946264266967773,0.9487179517745972,1.0906744003295898,0.9523809552192688,1.0970221757888794,0.9523809552192688,1.147369146347046,0.9047619104385376,1.0220773220062256,0.976190447807312,1.082248330116272,0.9523809552192688,1.2147443294525146,0.9090909361839294,1.1661244630813599,0.9318181872367859,1.0578055381774902,0.9318181872367859,1.081583857536316,0.9318181872367859,1.0174438953399658,1.0,1.16849946975708,0.9399999976158142,1.076853632926941,0.9399999976158142,1.0038294792175293,0.9800000190734863,1.0423485040664673,0.9399999976158142,0.9832282066345215,1.0,1.2166554927825928,0.8679245114326477,1.47446870803833,0.8113207817077637,1.5342726707458496,0.7735849022865295,1.2686915397644043,0.849056601524353,1.417825698852539,0.7924528121948242,1.139955759048462,0.9487179517745972,1.025957465171814,1.0,1.1550354957580566,0.9230769276618958,1.0854907035827637,0.9230769276618958,1.0946264266967773,0.9487179517745972
55,1.0935851335525513,0.9487179517745972,1.088814377784729,0.9523809552192688,1.0949902534484863,0.9523809552192688,1.1469693183898926,0.9047619104385376,1.0216611623764038,0.976190447807312,1.0800639390945435,0.9523809552192688,1.2084838151931763,0.9090909361839294,1.1617265939712524,0.9318181872367859,1.0565054416656494,0.9318181872367859,1.0816411972045898,0.9318181872367859,1.0158779621124268,1.0,1.1659239530563354,0.9399999976158142,1.0756802558898926,0.9399999976158142,1.003688931465149,0.9800000190734863,1.041642665863037,0.9399999976158142,0.982820451259613,1.0,1.2162836790084839,0.8679245114326477,1.4698587656021118,0.8301886916160583,1.5347131490707397,0.7735849022865295,1.269775629043579,0.8301886916160583,1.41454017162323,0.7924528121948242,1.1362390518188477,0.9487179517745972,1.024152159690857,1.0,1.1545957326889038,0.9230769276618958,1.0842031240463257,0.9230769276618958,1.0935851335525513,0.9487179517745972
56,1.0937442779541016,0.9487179517745972,1.08637273311615,0.9523809552192688,1.0947656631469727,0.9523809552192688,1.1497348546981812,0.9047619104385376,1.021039366722107,0.976190447807312,1.0794835090637207,0.976190447807312,1.2072577476501465,0.9090909361839294,1.162072777748108,0.9318181872367859,1.0576872825622559,0.9318181872367859,1.0829038619995117,0.9318181872367859,1.0148991346359253,1.0,1.1635112762451172,0.9399999976158142,1.0747058391571045,0.9399999976158142,1.0029711723327637,0.9800000190734863,1.0412923097610474,0.9399999976158142,0.9822238683700562,1.0,1.2132561206817627,0.8679245114326477,1.4644975662231445,0.8301886916160583,1.5303897857666016,0.7735849022865295,1.2648321390151978,0.849056601524353,1.4124802350997925,0.7924528121948242,1.13560950756073,0.9487179517745972,1.0224465131759644,1.0,1.1557146310806274,0.9230769276618958,1.0829226970672607,0.9230769276618958,1.0937442779541016,0.9487179517745972
57,1.0911794900894165,0.9487179517745972,1.0876665115356445,0.9523809552192688,1.0962854623794556,0.9523809552192688,1.148511290550232,0.9047619104385376,1.0205098390579224,0.976190447807312,1.0807688236236572,0.976190447807312,1.2068076133728027,0.9090909361839294,1.1630574464797974,0.9318181872367859,1.055423617362976,0.9318181872367859,1.0811735391616821,0.9318181872367859,1.0128840208053589,1.0,1.1664375066757202,0.9399999976158142,1.0775306224822998,0.9399999976158142,1.0026824474334717,0.9800000190734863,1.0414047241210938,0.9399999976158142,0.9816430807113647,1.0,1.2080994844436646,0.8679245114326477,1.4555102586746216,0.8301886916160583,1.5261619091033936,0.7735849022865295,1.2593053579330444,0.8679245114326477,1.4029252529144287,0.7924528121948242,1.1364245414733887,0.9487179517745972,1.0204136371612549,1.0,1.1529014110565186,0.9230769276618958,1.0802838802337646,0.9230769276618958,1.0911794900894165,0.9487179517745972
58,1.089532732963562,0.9487179517745972,1.0857442617416382,0.9523809552192688,1.0952519178390503,0.9523809552192688,1.1486170291900635,0.9047619104385376,1.0201082229614258,0.976190447807312,1.0787746906280518,0.976190447807312,1.2026355266571045,0.9090909361839294,1.160709261894226,0.9318181872367859,1.0549674034118652,0.9318181872367859,1.0817902088165283,0.9318181872367859,1.0109518766403198,1.0,1.1654582023620605,0.9399999976158142,1.0790349245071411,0.9399999976158142,1.0016820430755615,0.9800000190734863,1.041459560394287,0.9399999976158142,0.9811395406723022,1.0,1.2108216285705566,0.8679245114326477,1.4512447118759155,0.8301886916160583,1.5235275030136108,0.7735849022865295,1.257611870765686,0.8679245114326477,1.3998082876205444,0.7924528121948242,1.1355645656585693,0.9487179517745972,1.0185768604278564,1.0,1.1531015634536743,0.9230769276618958,1.0787781476974487,0.9230769276618958,1.089532732963562,0.9487179517745972
59,1.0884912014007568,0.9487179517745972,1.085188865661621,0.9523809552192688,1.0953174829483032,0.9523809552192688,1.1487457752227783,0.9047619104385376,1.0197606086730957,0.976190447807312,1.079054594039917,0.976190447807312,1.2016510963439941,0.9090909361839294,1.16013503074646,0.9318181872367859,1.053679347038269,0.9318181872367859,1.0818899869918823,0.9318181872367859,1.0099362134933472,1.0,1.1662380695343018,0.9399999976158142,1.0803675651550293,0.9399999976158142,1.0017313957214355,0.9800000190734863,1.0413914918899536,0.9399999976158142,0.9810004234313965,1.0,1.2051318883895874,0.8679245114326477,1.44278085231781,0.8301886916160583,1.516557216644287,0.7735849022865295,1.2507688999176025,0.8679245114326477,1.392837643623352,0.7924528121948242,1.1343896389007568,0.9487179517745972,1.0173182487487793,1.0,1.1525533199310303,0.9230769276618958,1.0766735076904297,0.9487179517745972,1.0884912014007568,0.9487179517745972
60,1.0876294374465942,0.9487179517745972,1.0835821628570557,0.9523809552192688,1.094254493713379,0.9523809552192688,1.1492719650268555,0.9047619104385376,1.0193907022476196,0.976190447807312,1.0779303312301636,0.976190447807312,1.1971056461334229,0.9090909361839294,1.1574103832244873,0.9318181872367859,1.0531725883483887,0.9318181872367859,1.0808602571487427,0.9318181872367859,1.008479118347168,1.0,1.164199948310852,0.9399999976158142,1.0789474248886108,0.9399999976158142,1.0010647773742676,0.9800000190734863,1.0405516624450684,0.9399999976158142,0.9803640842437744,1.0,1.2057812213897705,0.8679245114326477,1.4440184831619263,0.8301886916160583,1.5176490545272827,0.7735849022865295,1.2516965866088867,0.8679245114326477,1.3930796384811401,0.7924528121948242,1.1324453353881836,0.9487179517745972,1.015803575515747,1.0,1.1526317596435547,0.9230769276618958,1.0756670236587524,0.9487179517745972,1.0876294374465942,0.9487179517745972
61,1.0870437622070312,0.9487179517745972,1.0821974277496338,0.9523809552192688,1.0931452512741089,0.9523809552192688,1.1496541500091553,0.9047619104385376,1.018946886062622,0.976190447807312,1.0775660276412964,0.976190447807312,1.1929184198379517,0.9090909361839294,1.1554808616638184,0.9318181872367859,1.0523275136947632,0.9318181872367859,1.080896258354187,0.9318181872367859,1.007346272468567,1.0,1.1633378267288208,0.9399999976158142,1.078626275062561,0.9399999976158142,1.0005089044570923,0.9800000190734863,1.040062665939331,0.9399999976158142,0.9801490306854248,1.0,1.2036988735198975,0.8679245114326477,1.4404535293579102,0.8301886916160583,1.5163177251815796,0.7735849022865295,1.248788833618164,0.8679245114326477,1.388953685760498,0.7924528121948242,1.1313904523849487,0.9487179517745972,1.0144296884536743,1.0,1.1535290479660034,0.9230769276618958,1.0740704536437988,0.9487179517745972,1.0870437622070312,0.9487179517745972
62,1.0857081413269043,0.9487179517745972,1.0812000036239624,0.9523809552192688,1.093105435371399,0.9523809552192688,1.1494758129119873,0.9047619104385376,1.0182850360870361,0.976190447807312,1.0755295753479004,0.976190447807312,1.1887763738632202,0.9090909361839294,1.1522473096847534,0.9318181872367859,1.0506411790847778,0.9318181872367859,1.079365611076355,0.9318181872367859,1.0065730810165405,1.0,1.162545084953308,0.9399999976158142,1.077458143234253,0.9399999976158142,1.0003952980041504,0.9800000190734863,1.0396270751953125,0.9399999976158142,0.980060338973999,1.0,1.2026528120040894,0.8679245114326477,1.435193419456482,0.8301886916160583,1.5153217315673828,0.7735849022865295,1.2482004165649414,0.849056601524353,1.3840711116790771,0.7924528121948242,1.1288763284683228,0.9487179517745972,1.0138638019561768,1.0,1.1532082557678223,0.9230769276618958,1.072611927986145,0.9487179517745972,1.0857081413269043,0.9487179517745972
63,1.0870823860168457,0.9487179517745972,1.078183889389038,0.9523809552192688,1.0909879207611084,0.9523809552192688,1.1528806686401367,0.9047619104385376,1.018452763557434,0.976190447807312,1.073789119720459,0.976190447807312,1.183656096458435,0.9090909361839294,1.1487200260162354,0.9318181872367859,1.0514999628067017,0.9318181872367859,1.0805244445800781,0.9318181872367859,1.0054908990859985,1.0,1.1587820053100586,0.9399999976158142,1.0744174718856812,0.9399999976158142,1.0000590085983276,1.0,1.037460207939148,0.9399999976158142,0.9794470071792603,1.0,1.2025054693222046,0.8679245114326477,1.4391498565673828,0.8301886916160583,1.5189807415008545,0.7735849022865295,1.2490960359573364,0.849056601524353,1.3864625692367554,0.7924528121948242,1.1247403621673584,0.9743589758872986,1.0126086473464966,1.0,1.155609369277954,0.9230769276618958,1.0723257064819336,0.9487179517745972,1.0870823860168457,0.9487179517745972
64,1.085381031036377,0.9487179517745972,1.078154444694519,0.9523809552192688,1.091101884841919,0.9523809552192688,1.1524345874786377,0.9047619104385376,1.0180978775024414,0.976190447807312,1.0738937854766846,0.976190447807312,1.1827995777130127,0.9090909361839294,1.1491684913635254,0.9318181872367859,1.0508949756622314,0.9318181872367859,1.0819807052612305,0.9318181872367859,1.0042922496795654,1.0,1.159593105316162,0.9399999976158142,1.0768840312957764,0.9399999976158142,0.9994778633117676,1.0,1.0379438400268555,0.9399999976158142,0.9791980981826782,1.0,1.2003103494644165,0.8679245114326477,1.4280107021331787,0.8301886916160583,1.5108401775360107,0.7735849022865295,1.2420097589492798,0.8679245114326477,1.378717064857483,0.7924528121948242,1.1257100105285645,0.9743589758872986,1.0112030506134033,1.0,1.1546344757080078,0.9230769276618958,1.070181965827942,0.9487179517745972,1.085381031036377,0.9487179517745972
65,1.0850884914398193,0.9487179517745972,1.0770000219345093,0.9523809552192688,1.0905684232711792,0.9523809552192688,1.153602123260498,0.9047619104385376,1.0180244445800781,0.976190447807312,1.0741071701049805,0.976190447807312,1.1804314851760864,0.9090909361839294,1.1501520872116089,0.9318181872367859,1.0510951280593872,0.9318181872367859,1.0834494829177856,0.9318181872367859,1.0032601356506348,1.0,1.158535361289978,0.9399999976158142,1.077542781829834,0.9399999976158142,0.9988383650779724,1.0,1.0375269651412964,0.9399999976158142,0.978872537612915,1.0,1.1976115703582764,0.8679245114326477,1.4222254753112793,0.8301886916160583,1.50673508644104,0.7735849022865295,1.2377897500991821,0.8679245114326477,1.3738633394241333,0.7924528121948242,1.1245194673538208,0.9743589758872986,1.0098761320114136,1.0,1.1541259288787842,0.9230769276618958,1.0688390731811523,0.9487179517745972,1.0850884914398193,0.9487179517745972
66,1.082040786743164,0.9487179517745972,1.0772185325622559,0.9523809552192688,1.0912284851074219,0.9523809552192688,1.1511777639389038,0.9047619104385376,1.0174304246902466,0.976190447807312,1.0741949081420898,0.976190447807312,1.1798064708709717,0.9090909361839294,1.1489958763122559,0.9318181872367859,1.04927396774292,0.9318181872367859,1.0826869010925293,0.9318181872367859,1.0023986101150513,1.0,1.1598109006881714,0.9399999976158142,1.0803892612457275,0.9399999976158142,0.998533308506012,0.9800000190734863,1.0385106801986694,0.9399999976158142,0.9789709448814392,1.0,1.1942030191421509,0.8679245114326477,1.4117175340652466,0.8301886916160583,1.4992772340774536,0.7735849022865295,1.2329339981079102,0.8679245114326477,1.364257574081421,0.7924528121948242,1.1257635354995728,0.9487179517745972,1.0085315704345703,1.0,1.152601718902588,0.9230769276618958,1.06612229347229,0.9487179517745972,1.082040786743164,0.9487179517745972
67,1.0810062885284424,0.9487179517745972,1.0766633749008179,0.9523809552192688,1.0903676748275757,0.9523809552192688,1.1516350507736206,0.9047619104385376,1.0173377990722656,0.976190447807312,1.0733493566513062,0.976190447807312,1.1750913858413696,0.9318181872367859,1.1460877656936646,0.9318181872367859,1.0474227666854858,0.9318181872367859,1.0812729597091675,0.9318181872367859,1.0012534856796265,1.0,1.1581307649612427,0.9399999976158142,1.0793824195861816,0.9399999976158142,0.9983131885528564,0.9800000190734863,1.0383470058441162,0.9399999976158142,0.9784881472587585,1.0,1.1954787969589233,0.8679245114326477,1.4136641025543213,0.8301886916160583,1.4975025653839111,0.7735849022865295,1.2312513589859009,0.8679245114326477,1.3618358373641968,0.8113207817077637,1.1222656965255737,0.9743589758872986,1.0080835819244385,1.0,1.1511156558990479,0.9230769276618958,1.065165638923645,0.9487179517745972,1.0810062885284424,0.9487179517745972
68,1.0805957317352295,0.9487179517745972,1.074694275856018,0.9523809552192688,1.0898053646087646,0.976190447807312,1.1522886753082275,0.9047619104385376,1.0170271396636963,0.976190447807312,1.0728663206100464,0.976190447807312,1.1717051267623901,0.9318181872367859,1.1459970474243164,0.9318181872367859,1.0469448566436768,0.9318181872367859,1.0814875364303589,0.9318181872367859,1.0006601810455322,1.0,1.157151460647583,0.9399999976158142,1.0798218250274658,0.9399999976158142,0.9977052807807922,1.0,1.03791081905365,0.9399999976158142,0.9783309102058411,1.0,1.1927200555801392,0.8679245114326477,1.4083963632583618,0.8301886916160583,1.497549057006836,0.7735849022865295,1.2296003103256226,0.8679245114326477,1.3605756759643555,0.8113207817077637,1.1223461627960205,0.9743589758872986,1.0067540407180786,1.0,1.1521610021591187,0.9230769276618958,1.063452124595642,0.9487179517745972,1.0805957317352295,0.9487179517745972
69,1.0800293684005737,0.9487179517745972,1.0735621452331543,0.9523809552192688,1.0885099172592163,0.976190447807312,1.1526440382003784,0.9047619104385376,1.0170713663101196,0.976190447807312,1.0722148418426514,0.976190447807312,1.1683861017227173,0.9318181872367859,1.1449475288391113,0.9318181872367859,1.0458625555038452,0.9318181872367859,1.0814850330352783,0.9318181872367859,0.9992694854736328,1.0,1.1558645963668823,0.9399999976158142,1.0800057649612427,0.9399999976158142,0.9977653622627258,1.0,1.0377817153930664,0.9399999976158142,0.9778633117675781,1.0,1.1916515827178955,0.8679245114326477,1.4061932563781738,0.8301886916160583,1.4952824115753174,0.7735849022865295,1.2272292375564575,0.8679245114326477,1.357676386833191,0.8113207817077637,1.1206997632980347,0.9743589758872986,1.0060248374938965,1.0,1.1521673202514648,0.9230769276618958,1.0630764961242676,0.9487179517745972,1.0800293684005737,0.9487179517745972
70,1.0790423154830933,0.9487179517745972,1.0737756490707397,0.9523809552192688,1.0894237756729126,0.976190447807312,1.1531394720077515,0.9047619104385376,1.016684889793396,0.976190447807312,1.0733606815338135,0.976190447807312,1.169528603553772,0.9318181872367859,1.1466673612594604,0.9318181872367859,1.0458358526229858,0.9318181872367859,1.0826290845870972,0.9318181872367859,0.9988992810249329,1.0,1.1567955017089844,0.9399999976158142,1.0810786485671997,0.9399999976158142,0.9975308775901794,0.9800000190734863,1.0382922887802124,0.9399999976158142,0.9775946140289307,1.0,1.1868184804916382,0.8679245114326477,1.3961796760559082,0.8301886916160583,1.4890323877334595,0.7735849022865295,1.220170259475708,0.8679245114326477,1.3514444828033447,0.8113207817077637,1.1207048892974854,0.9743589758872986,1.0048325061798096,1.0,1.1507413387298584,0.9230769276618958,1.0610991716384888,0.9487179517745972,1.0790423154830933,0.9487179517745972
71,1.0767031908035278,0.9487179517745972,1.073385238647461,0.9523809552192688,1.0883162021636963,0.976190447807312,1.1498746871948242,0.9047619104385376,1.0160551071166992,0.976190447807312,1.0723899602890015,0.976190447807312,1.1648420095443726,0.9318181872367859,1.1419380903244019,0.9318181872367859,1.0423405170440674,0.9318181872367859,1.0789873600006104,0.9318181872367859,0.9976084232330322,1.0,1.1558195352554321,0.9399999976158142,1.0818554162979126,0.9399999976158142,0.9970344305038452,1.0,1.0388438701629639,0.9399999976158142,0.9773579239845276,1.0,1.188174843788147,0.8679245114326477,1.3952330350875854,0.8301886916160583,1.4894784688949585,0.7735849022865295,1.2223432064056396,0.8679245114326477,1.3473477363586426,0.8113207817077637,1.1186928749084473,0.9743589758872986,1.0044416189193726,1.0,1.149105191230774,0.9230769276618958,1.0599961280822754,0.9487179517745972,1.0767031908035278,0.9487179517745972
72,1.0768718719482422,0.9487179517745972,1.0718278884887695,0.9523809552192688,1.0876338481903076,0.976190447807312,1.1513828039169312,0.9047619104385376,1.0162265300750732,0.976190447807312,1.0699255466461182,0.976190447807312,1.1603964567184448,0.9318181872367859,1.1402183771133423,0.9318181872367859,1.042995572090149,0.9318181872367859,1.081005573272705,0.9318181872367859,0.9971973299980164,1.0,1.1536049842834473,0.9399999976158142,1.081297755241394,0.9399999976158142,0.9967302680015564,1.0,1.038556694984436,0.9399999976158142,0.9774823188781738,1.0,1.184273362159729,0.8679245114326477,1.3893601894378662,0.8301886916160583,1.4848742485046387,0.7735849022865295,1.2190059423446655,0.8679245114326477,1.3415411710739136,0.8113207817077637,1.1162604093551636,0.9743589758872986,1.003477692604065,1.0,1.1513333320617676,0.9230769276618958,1.0594375133514404,0.9487179517745972,1.0768718719482422,0.9487179517745972
73,1.0744963884353638,0.9487179517745972,1.0722880363464355,0.9523809552192688,1.0880900621414185,0.976190447807312,1.1507270336151123,0.9047619104385376,1.0158371925354004,0.976190447807312,1.0708280801773071,0.976190447807312,1.1625142097473145,0.9318181872367859,1.1419386863708496,0.9318181872367859,1.0414923429489136,0.9318181872367859,1.0812227725982666,0.9318181872367859,0.9959626793861389,1.0,1.1556392908096313,0.9399999976158142,1.0840890407562256,0.9399999976158142,0.9959933757781982,1.0,1.0396547317504883,0.9399999976158142,0.9772375226020813,1.0,1.1837400197982788,0.8679245114326477,1.3854180574417114,0.8301886916160583,1.4790568351745605,0.7735849022865295,1.2136297225952148,0.8679245114326477,1.3366609811782837,0.8113207817077637,1.118267297744751,0.9743589758872986,1.0026551485061646,1.0,1.1483700275421143,0.9230769276618958,1.057432770729065,0.9487179517745972,1.0744963884353638,0.9487179517745972
74,1.0746264457702637,0.9487179517745972,1.0703134536743164,0.9523809552192688,1.086315393447876,0.976190447807312,1.1502755880355835,0.9047619104385376,1.0157086849212646,0.976190447807312,1.0702894926071167,0.976190447807312,1.1573193073272705,0.9318181872367859,1.1393160820007324,0.9318181872367859,1.0398331880569458,0.9318181872367859,1.080979824066162,0.9318181872367859,0.9952999353408813,1.0,1.152536153793335,0.9399999976158142,1.0826472043991089,0.9399999976158142,0.996085524559021,1.0,1.0389735698699951,0.9399999976158142,0.9768002033233643,1.0,1.182865858078003,0.8679245114326477,1.38554847240448,0.8301886916160583,1.4796348810195923,0.7735849022865295,1.2131644487380981,0.8679245114326477,1.336273193359375,0.8113207817077637,1.115167498588562,0.9743589758872986,1.0020562410354614,1.0,1.1492325067520142,0.9230769276618958,1.0565236806869507,0.9487179517745972,1.0746264457702637,0.9487179517745972
75,1.0720539093017578,0.9487179517745972,1.0704591274261475,0.9523809552192688,1.0863466262817383,0.976190447807312,1.1497217416763306,0.9047619104385376,1.0152060985565186,0.976190447807312,1.0702978372573853,0.976190447807312,1.1535792350769043,0.9318181872367859,1.1381045579910278,0.9545454382896423,1.0378671884536743,0.9318181872367859,1.0781813859939575,0.9318181872367859,0.9943187236785889,1.0,1.152937889099121,0.9399999976158142,1.0831435918807983,0.9399999976158142,0.9954782128334045,1.0,1.0394388437271118,0.9399999976158142,0.9763779640197754,1.0,1.1825886964797974,0.8679245114326477,1.3833236694335938,0.8301886916160583,1.4801855087280273,0.7735849022865295,1.2132920026779175,0.8679245114326477,1.332562804222107,0.8113207817077637,1.1144460439682007,0.9743589758872986,1.0013201236724854,1.0,1.1462688446044922,0.9230769276618958,1.0551825761795044,0.9487179517745972,1.0720539093017578,0.9487179517745972
76,1.072244644165039,0.9487179517745972,1.0704021453857422,0.9523809552192688,1.0859177112579346,0.976190447807312,1.1501845121383667,0.9047619104385376,1.014876365661621,0.976190447807312,1.06992506980896,0.976190447807312,1.15304696559906,0.9318181872367859,1.1381093263626099,0.9545454382896423,1.0382544994354248,0.9318181872367859,1.0792759656906128,0.9318181872367859,0.9936489462852478,1.0,1.1533018350601196,0.9399999976158142,1.0847325325012207,0.9399999976158142,0.995161771774292,1.0,1.0403481721878052,0.9399999976158142,0.976341187953949,1.0,1.1799290180206299,0.8679245114326477,1.3783349990844727,0.8301886916160583,1.475818157196045,0.7735849022865295,1.2078062295913696,0.8679245114326477,1.3298170566558838,0.8301886916160583,1.1146684885025024,0.9743589758872986,1.0005346536636353,1.0,1.1469027996063232,0.9230769276618958,1.0541788339614868,0.9487179517745972,1.072244644165039,0.9487179517745972
77,1.0705487728118896,0.9487179517745972,1.0687990188598633,0.9523809552192688,1.0843333005905151,0.976190447807312,1.1484224796295166,0.9047619104385376,1.0148556232452393,0.976190447807312,1.0680608749389648,0.976190447807312,1.1463735103607178,0.9318181872367859,1.1344194412231445,0.9545454382896423,1.036849856376648,0.9318181872367859,1.0784955024719238,0.9318181872367859,0.9931890368461609,1.0,1.1500601768493652,0.9399999976158142,1.0838205814361572,0.9399999976158142,0.9950847625732422,1.0,1.039742112159729,0.9399999976158142,0.9760568141937256,1.0,1.1816418170928955,0.8679245114326477,1.3754600286483765,0.8301886916160583,1.4736987352371216,0.7735849022865295,1.2064749002456665,0.8679245114326477,1.328254222869873,0.8301886916160583,1.1106524467468262,0.9743589758872986,1.000063180923462,1.0,1.145897388458252,0.9230769276618958,1.0535370111465454,0.9487179517745972,1.0705487728118896,0.9487179517745972
78,1.070059061050415,0.9487179517745972,1.0692152976989746,0.9523809552192688,1.0852432250976562,0.976190447807312,1.1493126153945923,0.9047619104385376,1.0141352415084839,0.976190447807312,1.06796133518219,0.976190447807312,1.1427249908447266,0.9318181872367859,1.1320613622665405,0.9545454382896423,1.035316824913025,0.9318181872367859,1.0765281915664673,0.9318181872367859,0.9930259585380554,1.0,1.152329444885254,0.9399999976158142,1.0860999822616577,0.9399999976158142,0.9946445226669312,1.0,1.0400328636169434,0.9399999976158142,0.9765588641166687,1.0,1.1786918640136719,0.8679245114326477,1.3688002824783325,0.8301886916160583,1.4733299016952515,0.7735849022865295,1.2067971229553223,0.8679245114326477,1.3206472396850586,0.8301886916160583,1.1112539768218994,0.9743589758872986,0.9994246363639832,1.0,1.146819829940796,0.9230769276618958,1.0515332221984863,0.9487179517745972,1.070059061050415,0.9487179517745972
79,1.070070505142212,0.9487179517745972,1.06838059425354,0.9523809552192688,1.084086537361145,0.976190447807312,1.1489777565002441,0.9047619104385376,1.0140485763549805,0.976190447807312,1.067506194114685,0.976190447807312,1.1424942016601562,0.9318181872367859,1.1314650774002075,0.9545454382896423,1.0357215404510498,0.9318181872367859,1.0788280963897705,0.9318181872367859,0.9920751452445984,1.0,1.1501734256744385,0.9399999976158142,1.0853246450424194,0.9399999976158142,0.9943954348564148,1.0,1.0402642488479614,0.9399999976158142,0.9760448932647705,1.0,1.1784342527389526,0.8679245114326477,1.3678711652755737,0.8301886916160583,1.4676955938339233,0.7735849022865295,1.2020317316055298,0.8867924809455872,1.3200809955596924,0.8301886916160583,1.1098581552505493,0.9743589758872986,0.998623788356781,1.0,1.1464005708694458,0.9230769276618958,1.0519447326660156,0.9487179517745972,1.070070505142212,0.9487179517745972
80,1.0713614225387573,0.9487179517745972,1.0667716264724731,0.9523809552192688,1.0821712017059326,0.976190447807312,1.1528459787368774,0.9047619104385376,1.0144689083099365,0.976190447807312,1.066772222518921,0.976190447807312,1.136764407157898,0.9318181872367859,1.1280184984207153,0.9545454382896423,1.0353718996047974,0.9318181872367859,1.0784008502960205,0.9318181872367859,0.9913133382797241,1.0,1.1482490301132202,0.9399999976158142,1.082948923110962,0.9399999976158142,0.9936282634735107,1.0,1.0385700464248657,0.9399999976158142,0.9756864309310913,1.0,1.175648808479309,0.8679245114326477,1.3656530380249023,0.8301886916160583,1.4721922874450684,0.7735849022865295,1.202705979347229,0.8679245114326477,1.3202481269836426,0.8301886916160583,1.107311487197876,0.9743589758872986,0.9980204701423645,1.0,1.1487464904785156,0.9230769276618958,1.0503343343734741,0.9487179517745972,1.0713614225387573,0.9487179517745972
